,Actual Score,Predicted Score
0,17,9.97026179138372
1,42,32.9847000372513
2,24,18.339148426244655
3,75,87.38246316384739
4,54,48.676362477615555
